station,lstm_best_rmse,lstm_model_count,lstm_best_model,lstm_dataset_type,lstm_rank
norm_Nomorlization_竹山_U2HA50_combined_windows,0.0610554317984543,1,lstm_separate_norm_Nomorlization_竹山_U2HA50_combined_windows,separate,1
norm_Nomorlization_斗六_C0K400_combined_windows,0.0614369287866485,1,lstm_separate_norm_Nomorlization_斗六_C0K400_combined_windows,separate,2
norm_Nomorlization_埔里_C0H890_combined_windows,0.0653359858523571,1,lstm_separate_norm_Nomorlization_埔里_C0H890_combined_windows,separate,3
norm_Nomorlization_南投_C0I460_combined_windows,0.0657595085093905,1,lstm_separate_norm_Nomorlization_南投_C0I460_combined_windows,separate,4
norm_Nomorlization_仁武_C0V680_combined_windows,0.0722606713108728,1,lstm_separate_norm_Nomorlization_仁武_C0V680_combined_windows,separate,5
norm_Nomorlization_美濃_72V140_combined_windows,0.0730767559966676,1,lstm_separate_norm_Nomorlization_美濃_72V140_combined_windows,separate,6
norm_Nomorlization_朴子_C0M650_combined_windows,0.0733580436772194,1,lstm_separate_norm_Nomorlization_朴子_C0M650_combined_windows,separate,7
norm_Nomorlization_安南_467420_combined_windows,0.0740030082421259,1,lstm_separate_norm_Nomorlization_安南_467420_combined_windows,separate,8
norm_Nomorlization_屏東_C0R570_combined_windows,0.0745208126669899,1,lstm_separate_norm_Nomorlization_屏東_C0R570_combined_windows,separate,9
norm_Nomorlization_大里_C0F9N0_combined_windows,0.0767273278942839,1,lstm_separate_norm_Nomorlization_大里_C0F9N0_combined_windows,separate,10
norm_Nomorlization_左營_C0V810_combined_windows,0.0778347512591668,1,lstm_separate_norm_Nomorlization_左營_C0V810_combined_windows,separate,11
norm_Nomorlization_前金_C0V690_combined_windows,0.0797376058950721,1,lstm_separate_norm_Nomorlization_前金_C0V690_combined_windows,separate,12
norm_Nomorlization_前鎮_C0V490_combined_windows,0.0829036761364399,1,lstm_separate_norm_Nomorlization_前鎮_C0V490_combined_windows,separate,13
norm_Nomorlization_大寮_C0V450_combined_windows,0.0846222368924018,1,lstm_separate_norm_Nomorlization_大寮_C0V450_combined_windows,separate,14
norm_Nomorlization_西屯_C0F9T0_combined_windows,0.0858148310440648,1,lstm_separate_norm_Nomorlization_西屯_C0F9T0_combined_windows,separate,15
norm_Nomorlization_林園_C0R640_combined_windows,0.087564677685721,1,lstm_separate_norm_Nomorlization_林園_C0R640_combined_windows,separate,16
norm_Nomorlization_二林_C0G730_combined_windows,0.0888142339174454,1,lstm_separate_norm_Nomorlization_二林_C0G730_combined_windows,separate,17
norm_Nomorlization_崙背_C0K250_combined_windows,0.0917020563220379,1,lstm_separate_norm_Nomorlization_崙背_C0K250_combined_windows,separate,18
norm_Nomorlization_三義_C0F9Q0_combined_windows,0.0939919799905449,1,lstm_separate_norm_Nomorlization_三義_C0F9Q0_combined_windows,separate,19
norm_Nomorlization_小港_C0V450_combined_windows,0.095106011480625,1,lstm_separate_norm_Nomorlization_小港_C0V450_combined_windows,separate,20
norm_Nomorlization_忠明_C0F9U0_combined_windows,0.0985905381224081,1,lstm_separate_norm_Nomorlization_忠明_C0F9U0_combined_windows,separate,21
norm_Nomorlization_苗栗_C0E750_combined_windows,0.0986028545805054,1,lstm_separate_norm_Nomorlization_苗栗_C0E750_combined_windows,separate,22
norm_Nomorlization_沙鹿_C0F9X0_combined_windows,0.102130005603609,1,lstm_separate_norm_Nomorlization_沙鹿_C0F9X0_combined_windows,separate,23
norm_Nomorlization_馬祖_467990_combined_windows,0.102310186332255,1,lstm_separate_norm_Nomorlization_馬祖_467990_combined_windows,separate,24
norm_Nomorlization_竹東_C0D560_combined_windows,0.102510673943719,1,lstm_separate_norm_Nomorlization_竹東_C0D560_combined_windows,separate,25
norm_chunk_02,0.103118688079952,1,lstm_combine_norm_chunk_02,combine,26
norm_Nomorlization_馬公_467350_combined_windows,0.110510627127024,1,lstm_separate_norm_Nomorlization_馬公_467350_combined_windows,separate,27
norm_chunk_03,0.112483404045884,1,lstm_combine_norm_chunk_03,combine,28
norm_Nomorlization_金門_C0W150_combined_windows,0.11677974630123,1,lstm_separate_norm_Nomorlization_金門_C0W150_combined_windows,separate,29
norm_chunk_01,0.120343830337712,1,lstm_combine_norm_chunk_01,combine,30
norm_Nomorlization_平鎮_A2C560_combined_windows,0.132589327405917,1,lstm_separate_norm_Nomorlization_平鎮_A2C560_combined_windows,separate,31
norm_Nomorlization_恆春_B2Q810_combined_windows,0.136904301146532,1,lstm_separate_norm_Nomorlization_恆春_B2Q810_combined_windows,separate,32
norm_Nomorlization_花蓮_466990_combined_windows,0.136958631539987,1,lstm_separate_norm_Nomorlization_花蓮_466990_combined_windows,separate,33
norm_Nomorlization_冬山_C0U910_combined_windows,0.138740932807784,1,lstm_separate_norm_Nomorlization_冬山_C0U910_combined_windows,separate,34
norm_Nomorlization_桃園_C0C480_combined_windows,0.141852555898663,1,lstm_separate_norm_Nomorlization_桃園_C0C480_combined_windows,separate,35
norm_Nomorlization_宜蘭_467080_combined_windows,0.14741090619425,1,lstm_separate_norm_Nomorlization_宜蘭_467080_combined_windows,separate,36
norm_Nomorlization_大園_C0C590_combined_windows,0.151040960077102,1,lstm_separate_norm_Nomorlization_大園_C0C590_combined_windows,separate,37
norm_Nomorlization_土城_C0AD40_combined_windows,0.156763845198963,1,lstm_separate_norm_Nomorlization_土城_C0AD40_combined_windows,separate,38
norm_Nomorlization_松山_C0AC70_combined_windows,0.165281453830215,1,lstm_separate_norm_Nomorlization_松山_C0AC70_combined_windows,separate,39
norm_Nomorlization_古亭_C0AH10_combined_windows,0.167391454832282,1,lstm_separate_norm_Nomorlization_古亭_C0AH10_combined_windows,separate,40
norm_Nomorlization_大同_C0AI30_combined_windows,0.170718415640021,1,lstm_separate_norm_Nomorlization_大同_C0AI30_combined_windows,separate,41
norm_Nomorlization_汐止_C0AH00_combined_windows,0.17228638457013,1,lstm_separate_norm_Nomorlization_汐止_C0AH00_combined_windows,separate,42
norm_Nomorlization_中山_C0AH70_combined_windows,0.183327034370828,1,lstm_separate_norm_Nomorlization_中山_C0AH70_combined_windows,separate,43
norm_Nomorlization_板橋_C0ACA0_combined_windows,0.183930827426164,1,lstm_separate_norm_Nomorlization_板橋_C0ACA0_combined_windows,separate,44
norm_Nomorlization_永和_C0AH10_combined_windows,0.1879071859166,1,lstm_separate_norm_Nomorlization_永和_C0AH10_combined_windows,separate,45
norm_Nomorlization_中壢_A2C560_combined_windows,0.188588415321944,1,lstm_separate_norm_Nomorlization_中壢_A2C560_combined_windows,separate,46
norm_Nomorlization_士林_C0AI40_combined_windows,0.193887621478179,1,lstm_separate_norm_Nomorlization_士林_C0AI40_combined_windows,separate,47
norm_Nomorlization_林口_C0AH50_combined_windows,0.196395562530683,1,lstm_separate_norm_Nomorlization_林口_C0AH50_combined_windows,separate,48
norm_Nomorlization_基隆_466940_combined_windows,0.208968803027084,1,lstm_separate_norm_Nomorlization_基隆_466940_combined_windows,separate,49
norm_Nomorlization_三重_C0AI30_combined_windows,0.210367962503053,1,lstm_separate_norm_Nomorlization_三重_C0AI30_combined_windows,separate,50
冬山_C0U910_combined_windows,1.90231428777993,1,lstm_separate_冬山_C0U910_combined_windows,separate,51
花蓮_466990_combined_windows,1.97354331314769,1,lstm_separate_花蓮_466990_combined_windows,separate,52
宜蘭_467080_combined_windows,2.01605147914434,1,lstm_separate_宜蘭_467080_combined_windows,separate,53
馬公_467350_combined_windows,2.07048025394016,1,lstm_separate_馬公_467350_combined_windows,separate,54
陽明_466910_combined_windows,2.07494118462193,1,lstm_separate_陽明_466910_combined_windows,separate,55
三義_C0F9Q0_combined_windows,2.10148332949401,1,lstm_separate_三義_C0F9Q0_combined_windows,separate,56
竹東_C0D560_combined_windows,2.11392001761499,1,lstm_separate_竹東_C0D560_combined_windows,separate,57
富貴角_C0AI20_combined_windows,2.16148021160301,1,lstm_separate_富貴角_C0AI20_combined_windows,separate,58
埔里_C0H890_combined_windows,2.18125279249451,1,lstm_separate_埔里_C0H890_combined_windows,separate,59
臺東_C0SA10_combined_windows,2.26934509852963,1,lstm_separate_臺東_C0SA10_combined_windows,separate,60
頭份_C0E420_combined_windows,2.28715688130512,1,lstm_separate_頭份_C0E420_combined_windows,separate,61
南投_C0I460_combined_windows,2.30959300071157,1,lstm_separate_南投_C0I460_combined_windows,separate,62
豐原_C0F9M0_combined_windows,2.36476211126145,1,lstm_separate_豐原_C0F9M0_combined_windows,separate,63
湖口_C0D650_combined_windows,2.41708756427842,1,lstm_separate_湖口_C0D650_combined_windows,separate,64
大里_C0F9N0_combined_windows,2.47788892941412,1,lstm_separate_大里_C0F9N0_combined_windows,separate,65
新竹_C0D660_combined_windows,2.49516075638609,1,lstm_separate_新竹_C0D660_combined_windows,separate,66
竹山_U2HA50_combined_windows,2.51997895263291,1,lstm_separate_竹山_U2HA50_combined_windows,separate,67
忠明_C0F9U0_combined_windows,2.52867842260555,1,lstm_separate_忠明_C0F9U0_combined_windows,separate,68
彰化_C0G910_combined_windows,2.59124813251156,1,lstm_separate_彰化_C0G910_combined_windows,separate,69
新莊_C0ACA0_combined_windows,2.61609413216786,1,lstm_separate_新莊_C0ACA0_combined_windows,separate,70
沙鹿_C0F9X0_combined_windows,2.62025790309693,1,lstm_separate_沙鹿_C0F9X0_combined_windows,separate,71
苗栗_C0E750_combined_windows,2.64814595843153,1,lstm_separate_苗栗_C0E750_combined_windows,separate,72
西屯_C0F9T0_combined_windows,2.65628265577085,1,lstm_separate_西屯_C0F9T0_combined_windows,separate,73
斗六_C0K400_combined_windows,2.66020349610092,1,lstm_separate_斗六_C0K400_combined_windows,separate,74
美濃_72V140_combined_windows,2.66268966128088,1,lstm_separate_美濃_72V140_combined_windows,separate,75
土城_C0AD40_combined_windows,2.67243193952663,1,lstm_separate_土城_C0AD40_combined_windows,separate,76
安南_467420_combined_windows,2.69030473994124,1,lstm_separate_安南_467420_combined_windows,separate,77
新店_C0AC80_combined_windows,2.70274244077896,1,lstm_separate_新店_C0AC80_combined_windows,separate,78
龍潭_C0C670_combined_windows,2.70579418225461,1,lstm_separate_龍潭_C0C670_combined_windows,separate,79
嘉義_C0M730_combined_windows,2.70664023268688,1,lstm_separate_嘉義_C0M730_combined_windows,separate,80
臺南_467410_combined_windows,2.71688489321563,1,lstm_separate_臺南_467410_combined_windows,separate,81
新營_C0X250_combined_windows,2.73498484025919,1,lstm_separate_新營_C0X250_combined_windows,separate,82
基隆_466940_combined_windows,2.73513134465263,1,lstm_separate_基隆_466940_combined_windows,separate,83
線西_C0G890_combined_windows,2.75897510192022,1,lstm_separate_線西_C0G890_combined_windows,separate,84
恆春_B2Q810_combined_windows,2.76124761327237,1,lstm_separate_恆春_B2Q810_combined_windows,separate,85
桃園_C0C480_combined_windows,2.76906985116935,1,lstm_separate_桃園_C0C480_combined_windows,separate,86
林口_C0AH50_combined_windows,2.8008119018315,1,lstm_separate_林口_C0AH50_combined_windows,separate,87
善化_C0O900_combined_windows,2.83064560443719,1,lstm_separate_善化_C0O900_combined_windows,separate,88
平鎮_A2C560_combined_windows,2.84965696394818,1,lstm_separate_平鎮_A2C560_combined_windows,separate,89
松山_C0AC70_combined_windows,2.85085221830239,1,lstm_separate_松山_C0AC70_combined_windows,separate,90
屏東_C0R570_combined_windows,2.85924261260418,1,lstm_separate_屏東_C0R570_combined_windows,separate,91
萬里_C0A940_combined_windows,2.89846442658754,1,lstm_separate_萬里_C0A940_combined_windows,separate,92
古亭_C0AH10_combined_windows,2.90420663350023,1,lstm_separate_古亭_C0AH10_combined_windows,separate,93
朴子_C0M650_combined_windows,2.91680619388489,1,lstm_separate_朴子_C0M650_combined_windows,separate,94
楠梓_C0V770_combined_windows,2.95314279814551,1,lstm_separate_楠梓_C0V770_combined_windows,separate,95
士林_C0AI40_combined_windows,2.9691382083359,1,lstm_separate_士林_C0AI40_combined_windows,separate,96
大園_C0C590_combined_windows,2.97695876119053,1,lstm_separate_大園_C0C590_combined_windows,separate,97
汐止_C0AH00_combined_windows,2.99203529486592,1,lstm_separate_汐止_C0AH00_combined_windows,separate,98
仁武_C0V680_combined_windows,3.0348542993865,1,lstm_separate_仁武_C0V680_combined_windows,separate,99
觀音_467050_combined_windows,3.06298889084596,1,lstm_separate_觀音_467050_combined_windows,separate,100
菜寮_C0AD30_combined_windows,3.07691880993472,1,lstm_separate_菜寮_C0AD30_combined_windows,separate,101
馬祖_467990_combined_windows,3.08322983271826,1,lstm_separate_馬祖_467990_combined_windows,separate,102
麥寮_A2K360_combined_windows,3.09139387957686,1,lstm_separate_麥寮_A2K360_combined_windows,separate,103
前金_C0V690_combined_windows,3.0966134429559,1,lstm_separate_前金_C0V690_combined_windows,separate,104
板橋_C0ACA0_combined_windows,3.12137609369402,1,lstm_separate_板橋_C0ACA0_combined_windows,separate,105
永和_C0AH10_combined_windows,3.12220036449412,1,lstm_separate_永和_C0AH10_combined_windows,separate,106
橋頭_C0V760_combined_windows,3.14319422586218,1,lstm_separate_橋頭_C0V760_combined_windows,separate,107
左營_C0V810_combined_windows,3.14608709693124,1,lstm_separate_左營_C0V810_combined_windows,separate,108
前鎮_C0V490_combined_windows,3.14881714648984,1,lstm_separate_前鎮_C0V490_combined_windows,separate,109
萬華_466920_combined_windows,3.22177727618326,1,lstm_separate_萬華_466920_combined_windows,separate,110
復興_C0V710_combined_windows,3.23054617234228,1,lstm_separate_復興_C0V710_combined_windows,separate,111
二林_C0G730_combined_windows,3.24124240564321,1,lstm_separate_二林_C0G730_combined_windows,separate,112
大同_C0AI30_combined_windows,3.28219797849254,1,lstm_separate_大同_C0AI30_combined_windows,separate,113
小港_C0V450_combined_windows,3.32895340687128,1,lstm_separate_小港_C0V450_combined_windows,separate,114
新港_C0M790_combined_windows,3.35755097608157,1,lstm_separate_新港_C0M790_combined_windows,separate,115
潮州_C0R220_combined_windows,3.36192808993343,1,lstm_separate_潮州_C0R220_combined_windows,separate,116
中山_C0AH70_combined_windows,3.41804671919081,1,lstm_separate_中山_C0AH70_combined_windows,separate,117
金門_C0W150_combined_windows,3.42628115625173,1,lstm_separate_金門_C0W150_combined_windows,separate,118
大寮_C0V450_combined_windows,3.45568780908102,1,lstm_separate_大寮_C0V450_combined_windows,separate,119
中壢_A2C560_combined_windows,3.47137152316497,1,lstm_separate_中壢_A2C560_combined_windows,separate,120
淡水_466900_combined_windows,3.49068196819175,1,lstm_separate_淡水_466900_combined_windows,separate,121
林園_C0R640_combined_windows,3.62634727363092,1,lstm_separate_林園_C0R640_combined_windows,separate,122
臺西_C0K530_combined_windows,3.71224826619462,1,lstm_separate_臺西_C0K530_combined_windows,separate,123
三重_C0AI30_combined_windows,3.75924548436751,1,lstm_separate_三重_C0AI30_combined_windows,separate,124
崙背_C0K250_combined_windows,3.87484486868121,1,lstm_separate_崙背_C0K250_combined_windows,separate,125
chunk_01,10.6841869915312,1,lstm_combine_chunk_01,combine,126
chunk_02,16.3612178318754,1,lstm_combine_chunk_02,combine,127
chunk_03,16.4425769022047,1,lstm_combine_chunk_03,combine,128
