station,lgbm_best_rmse,lgbm_model_count,lgbm_best_model,lgbm_dataset_type,lgbm_rank
norm_Nomorlization_竹山_U2HA50_combined_windows,0.0538329644126883,1,lgbm_separate_norm_Nomorlization_竹山_U2HA50_combined_windows,separate,1
norm_Nomorlization_斗六_C0K400_combined_windows,0.0604057600082945,1,lgbm_separate_norm_Nomorlization_斗六_C0K400_combined_windows,separate,2
norm_Nomorlization_安南_467420_combined_windows,0.0605882279776209,1,lgbm_separate_norm_Nomorlization_安南_467420_combined_windows,separate,3
norm_Nomorlization_埔里_C0H890_combined_windows,0.0612761207426026,1,lgbm_separate_norm_Nomorlization_埔里_C0H890_combined_windows,separate,4
norm_Nomorlization_南投_C0I460_combined_windows,0.0635517858979483,1,lgbm_separate_norm_Nomorlization_南投_C0I460_combined_windows,separate,5
norm_Nomorlization_屏東_C0R570_combined_windows,0.0657858126423832,1,lgbm_separate_norm_Nomorlization_屏東_C0R570_combined_windows,separate,6
norm_Nomorlization_左營_C0V810_combined_windows,0.0662278931905884,1,lgbm_separate_norm_Nomorlization_左營_C0V810_combined_windows,separate,7
norm_Nomorlization_仁武_C0V680_combined_windows,0.0665013097294164,1,lgbm_separate_norm_Nomorlization_仁武_C0V680_combined_windows,separate,8
norm_Nomorlization_美濃_72V140_combined_windows,0.0686202615795832,1,lgbm_separate_norm_Nomorlization_美濃_72V140_combined_windows,separate,9
norm_Nomorlization_前鎮_C0V490_combined_windows,0.070306583417746,1,lgbm_separate_norm_Nomorlization_前鎮_C0V490_combined_windows,separate,10
norm_Nomorlization_朴子_C0M650_combined_windows,0.0707403777494603,1,lgbm_separate_norm_Nomorlization_朴子_C0M650_combined_windows,separate,11
norm_Nomorlization_前金_C0V690_combined_windows,0.0710328446385114,1,lgbm_separate_norm_Nomorlization_前金_C0V690_combined_windows,separate,12
norm_chunk_02,0.0758511911005384,1,lgbm_combine_norm_chunk_02,combine,13
norm_Nomorlization_林園_C0R640_combined_windows,0.077702792712726,1,lgbm_separate_norm_Nomorlization_林園_C0R640_combined_windows,separate,14
norm_Nomorlization_大里_C0F9N0_combined_windows,0.0780748813819964,1,lgbm_separate_norm_Nomorlization_大里_C0F9N0_combined_windows,separate,15
norm_Nomorlization_二林_C0G730_combined_windows,0.0813322530473306,1,lgbm_separate_norm_Nomorlization_二林_C0G730_combined_windows,separate,16
norm_Nomorlization_大寮_C0V450_combined_windows,0.0818514530267177,1,lgbm_separate_norm_Nomorlization_大寮_C0V450_combined_windows,separate,17
norm_Nomorlization_西屯_C0F9T0_combined_windows,0.0864745841309288,1,lgbm_separate_norm_Nomorlization_西屯_C0F9T0_combined_windows,separate,18
norm_Nomorlization_沙鹿_C0F9X0_combined_windows,0.0867858120481737,1,lgbm_separate_norm_Nomorlization_沙鹿_C0F9X0_combined_windows,separate,19
norm_Nomorlization_小港_C0V450_combined_windows,0.0875937525320981,1,lgbm_separate_norm_Nomorlization_小港_C0V450_combined_windows,separate,20
norm_Nomorlization_苗栗_C0E750_combined_windows,0.0905544247336053,1,lgbm_separate_norm_Nomorlization_苗栗_C0E750_combined_windows,separate,21
norm_Nomorlization_三義_C0F9Q0_combined_windows,0.0913700241964181,1,lgbm_separate_norm_Nomorlization_三義_C0F9Q0_combined_windows,separate,22
norm_Nomorlization_馬祖_467990_combined_windows,0.10039169107432,1,lgbm_separate_norm_Nomorlization_馬祖_467990_combined_windows,separate,23
norm_chunk_03,0.100631607622832,1,lgbm_combine_norm_chunk_03,combine,24
norm_Nomorlization_忠明_C0F9U0_combined_windows,0.10346101964854,1,lgbm_separate_norm_Nomorlization_忠明_C0F9U0_combined_windows,separate,25
norm_Nomorlization_馬公_467350_combined_windows,0.104716977824518,1,lgbm_separate_norm_Nomorlization_馬公_467350_combined_windows,separate,26
norm_Nomorlization_金門_C0W150_combined_windows,0.105622499339606,1,lgbm_separate_norm_Nomorlization_金門_C0W150_combined_windows,separate,27
norm_chunk_01,0.108503225673123,1,lgbm_combine_norm_chunk_01,combine,28
norm_Nomorlization_竹東_C0D560_combined_windows,0.114270437471772,1,lgbm_separate_norm_Nomorlization_竹東_C0D560_combined_windows,separate,29
norm_Nomorlization_花蓮_466990_combined_windows,0.118084041844232,1,lgbm_separate_norm_Nomorlization_花蓮_466990_combined_windows,separate,30
norm_Nomorlization_恆春_B2Q810_combined_windows,0.129894762339499,1,lgbm_separate_norm_Nomorlization_恆春_B2Q810_combined_windows,separate,31
norm_Nomorlization_平鎮_A2C560_combined_windows,0.132700393528274,1,lgbm_separate_norm_Nomorlization_平鎮_A2C560_combined_windows,separate,32
norm_Nomorlization_冬山_C0U910_combined_windows,0.138203906248953,1,lgbm_separate_norm_Nomorlization_冬山_C0U910_combined_windows,separate,33
norm_Nomorlization_宜蘭_467080_combined_windows,0.139878017334411,1,lgbm_separate_norm_Nomorlization_宜蘭_467080_combined_windows,separate,34
norm_Nomorlization_桃園_C0C480_combined_windows,0.144611737385284,1,lgbm_separate_norm_Nomorlization_桃園_C0C480_combined_windows,separate,35
norm_Nomorlization_大園_C0C590_combined_windows,0.15090063542429,1,lgbm_separate_norm_Nomorlization_大園_C0C590_combined_windows,separate,36
norm_Nomorlization_土城_C0AD40_combined_windows,0.1542075033674,1,lgbm_separate_norm_Nomorlization_土城_C0AD40_combined_windows,separate,37
norm_Nomorlization_松山_C0AC70_combined_windows,0.157745068662443,1,lgbm_separate_norm_Nomorlization_松山_C0AC70_combined_windows,separate,38
norm_Nomorlization_汐止_C0AH00_combined_windows,0.162888088365832,1,lgbm_separate_norm_Nomorlization_汐止_C0AH00_combined_windows,separate,39
norm_Nomorlization_大同_C0AI30_combined_windows,0.168347634291288,1,lgbm_separate_norm_Nomorlization_大同_C0AI30_combined_windows,separate,40
norm_Nomorlization_古亭_C0AH10_combined_windows,0.16849498680372,1,lgbm_separate_norm_Nomorlization_古亭_C0AH10_combined_windows,separate,41
norm_Nomorlization_中壢_A2C560_combined_windows,0.170955099635463,1,lgbm_separate_norm_Nomorlization_中壢_A2C560_combined_windows,separate,42
norm_Nomorlization_永和_C0AH10_combined_windows,0.179043294657565,1,lgbm_separate_norm_Nomorlization_永和_C0AH10_combined_windows,separate,43
norm_Nomorlization_中山_C0AH70_combined_windows,0.179710705278238,1,lgbm_separate_norm_Nomorlization_中山_C0AH70_combined_windows,separate,44
norm_Nomorlization_板橋_C0ACA0_combined_windows,0.185282511134133,1,lgbm_separate_norm_Nomorlization_板橋_C0ACA0_combined_windows,separate,45
norm_Nomorlization_林口_C0AH50_combined_windows,0.189898544298293,1,lgbm_separate_norm_Nomorlization_林口_C0AH50_combined_windows,separate,46
norm_Nomorlization_士林_C0AI40_combined_windows,0.196979901100295,1,lgbm_separate_norm_Nomorlization_士林_C0AI40_combined_windows,separate,47
norm_Nomorlization_基隆_466940_combined_windows,0.203680637554239,1,lgbm_separate_norm_Nomorlization_基隆_466940_combined_windows,separate,48
norm_Nomorlization_三重_C0AI30_combined_windows,0.204760210755163,1,lgbm_separate_norm_Nomorlization_三重_C0AI30_combined_windows,separate,49
馬公_467350_combined_windows,2.05201687701483,1,lgbm_separate_馬公_467350_combined_windows,separate,50
埔里_C0H890_combined_windows,2.05254472000147,1,lgbm_separate_埔里_C0H890_combined_windows,separate,51
花蓮_466990_combined_windows,2.06138072052742,1,lgbm_separate_花蓮_466990_combined_windows,separate,52
陽明_466910_combined_windows,2.06988562623405,1,lgbm_separate_陽明_466910_combined_windows,separate,53
冬山_C0U910_combined_windows,2.09157209246306,1,lgbm_separate_冬山_C0U910_combined_windows,separate,54
竹東_C0D560_combined_windows,2.15681755532568,1,lgbm_separate_竹東_C0D560_combined_windows,separate,55
三義_C0F9Q0_combined_windows,2.16788997082858,1,lgbm_separate_三義_C0F9Q0_combined_windows,separate,56
豐原_C0F9M0_combined_windows,2.17975261459903,1,lgbm_separate_豐原_C0F9M0_combined_windows,separate,57
宜蘭_467080_combined_windows,2.1884650444398,1,lgbm_separate_宜蘭_467080_combined_windows,separate,58
富貴角_C0AI20_combined_windows,2.22847924134519,1,lgbm_separate_富貴角_C0AI20_combined_windows,separate,59
頭份_C0E420_combined_windows,2.23992834753367,1,lgbm_separate_頭份_C0E420_combined_windows,separate,60
彰化_C0G910_combined_windows,2.26435225480177,1,lgbm_separate_彰化_C0G910_combined_windows,separate,61
南投_C0I460_combined_windows,2.27748457596628,1,lgbm_separate_南投_C0I460_combined_windows,separate,62
湖口_C0D650_combined_windows,2.36192454757447,1,lgbm_separate_湖口_C0D650_combined_windows,separate,63
西屯_C0F9T0_combined_windows,2.36895383415484,1,lgbm_separate_西屯_C0F9T0_combined_windows,separate,64
竹山_U2HA50_combined_windows,2.38323235086839,1,lgbm_separate_竹山_U2HA50_combined_windows,separate,65
chunk_02,2.45070465534215,1,lgbm_combine_chunk_02,combine,66
大里_C0F9N0_combined_windows,2.46886815996715,1,lgbm_separate_大里_C0F9N0_combined_windows,separate,67
忠明_C0F9U0_combined_windows,2.48837698915593,1,lgbm_separate_忠明_C0F9U0_combined_windows,separate,68
沙鹿_C0F9X0_combined_windows,2.5100791436561,1,lgbm_separate_沙鹿_C0F9X0_combined_windows,separate,69
線西_C0G890_combined_windows,2.54501353358081,1,lgbm_separate_線西_C0G890_combined_windows,separate,70
新莊_C0ACA0_combined_windows,2.60834447738534,1,lgbm_separate_新莊_C0ACA0_combined_windows,separate,71
安南_467420_combined_windows,2.61682787499964,1,lgbm_separate_安南_467420_combined_windows,separate,72
斗六_C0K400_combined_windows,2.6247120347225,1,lgbm_separate_斗六_C0K400_combined_windows,separate,73
新竹_C0D660_combined_windows,2.64625903370206,1,lgbm_separate_新竹_C0D660_combined_windows,separate,74
新營_C0X250_combined_windows,2.65759507268957,1,lgbm_separate_新營_C0X250_combined_windows,separate,75
美濃_72V140_combined_windows,2.66228219775374,1,lgbm_separate_美濃_72V140_combined_windows,separate,76
苗栗_C0E750_combined_windows,2.66296784366254,1,lgbm_separate_苗栗_C0E750_combined_windows,separate,77
龍潭_C0C670_combined_windows,2.67486059935444,1,lgbm_separate_龍潭_C0C670_combined_windows,separate,78
嘉義_C0M730_combined_windows,2.67882121174819,1,lgbm_separate_嘉義_C0M730_combined_windows,separate,79
善化_C0O900_combined_windows,2.68547428215721,1,lgbm_separate_善化_C0O900_combined_windows,separate,80
臺南_467410_combined_windows,2.68766706389208,1,lgbm_separate_臺南_467410_combined_windows,separate,81
平鎮_A2C560_combined_windows,2.72748657440327,1,lgbm_separate_平鎮_A2C560_combined_windows,separate,82
桃園_C0C480_combined_windows,2.73186988068386,1,lgbm_separate_桃園_C0C480_combined_windows,separate,83
萬里_C0A940_combined_windows,2.77058365514186,1,lgbm_separate_萬里_C0A940_combined_windows,separate,84
土城_C0AD40_combined_windows,2.77581853580424,1,lgbm_separate_土城_C0AD40_combined_windows,separate,85
林口_C0AH50_combined_windows,2.79577091420023,1,lgbm_separate_林口_C0AH50_combined_windows,separate,86
朴子_C0M650_combined_windows,2.80388203932935,1,lgbm_separate_朴子_C0M650_combined_windows,separate,87
新店_C0AC80_combined_windows,2.82902422648013,1,lgbm_separate_新店_C0AC80_combined_windows,separate,88
chunk_01,2.84328144030001,1,lgbm_combine_chunk_01,combine,89
松山_C0AC70_combined_windows,2.85293676052025,1,lgbm_separate_松山_C0AC70_combined_windows,separate,90
大園_C0C590_combined_windows,2.86548470235699,1,lgbm_separate_大園_C0C590_combined_windows,separate,91
屏東_C0R570_combined_windows,2.89236996694208,1,lgbm_separate_屏東_C0R570_combined_windows,separate,92
chunk_03,2.89578088794105,1,lgbm_combine_chunk_03,combine,93
基隆_466940_combined_windows,2.89752290883481,1,lgbm_separate_基隆_466940_combined_windows,separate,94
麥寮_A2K360_combined_windows,2.90931783431151,1,lgbm_separate_麥寮_A2K360_combined_windows,separate,95
古亭_C0AH10_combined_windows,2.94036150969664,1,lgbm_separate_古亭_C0AH10_combined_windows,separate,96
汐止_C0AH00_combined_windows,2.96216424863478,1,lgbm_separate_汐止_C0AH00_combined_windows,separate,97
臺東_C0SA10_combined_windows,2.96786259579833,1,lgbm_separate_臺東_C0SA10_combined_windows,separate,98
觀音_467050_combined_windows,2.97014902773665,1,lgbm_separate_觀音_467050_combined_windows,separate,99
楠梓_C0V770_combined_windows,2.97345396792614,1,lgbm_separate_楠梓_C0V770_combined_windows,separate,100
菜寮_C0AD30_combined_windows,2.98822351511682,1,lgbm_separate_菜寮_C0AD30_combined_windows,separate,101
士林_C0AI40_combined_windows,2.99280073187656,1,lgbm_separate_士林_C0AI40_combined_windows,separate,102
仁武_C0V680_combined_windows,3.00462323005579,1,lgbm_separate_仁武_C0V680_combined_windows,separate,103
永和_C0AH10_combined_windows,3.02810155094543,1,lgbm_separate_永和_C0AH10_combined_windows,separate,104
左營_C0V810_combined_windows,3.05022622841595,1,lgbm_separate_左營_C0V810_combined_windows,separate,105
二林_C0G730_combined_windows,3.06570571131368,1,lgbm_separate_二林_C0G730_combined_windows,separate,106
淡水_466900_combined_windows,3.11465584279673,1,lgbm_separate_淡水_466900_combined_windows,separate,107
前金_C0V690_combined_windows,3.13952684424281,1,lgbm_separate_前金_C0V690_combined_windows,separate,108
大同_C0AI30_combined_windows,3.14180882805365,1,lgbm_separate_大同_C0AI30_combined_windows,separate,109
前鎮_C0V490_combined_windows,3.14361979029353,1,lgbm_separate_前鎮_C0V490_combined_windows,separate,110
橋頭_C0V760_combined_windows,3.16492720615366,1,lgbm_separate_橋頭_C0V760_combined_windows,separate,111
復興_C0V710_combined_windows,3.16871567236373,1,lgbm_separate_復興_C0V710_combined_windows,separate,112
板橋_C0ACA0_combined_windows,3.20270597743257,1,lgbm_separate_板橋_C0ACA0_combined_windows,separate,113
馬祖_467990_combined_windows,3.20362862190856,1,lgbm_separate_馬祖_467990_combined_windows,separate,114
新港_C0M790_combined_windows,3.20480690233973,1,lgbm_separate_新港_C0M790_combined_windows,separate,115
恆春_B2Q810_combined_windows,3.22057466434955,1,lgbm_separate_恆春_B2Q810_combined_windows,separate,116
潮州_C0R220_combined_windows,3.22058299863051,1,lgbm_separate_潮州_C0R220_combined_windows,separate,117
萬華_466920_combined_windows,3.25023711384988,1,lgbm_separate_萬華_466920_combined_windows,separate,118
小港_C0V450_combined_windows,3.3165736599446,1,lgbm_separate_小港_C0V450_combined_windows,separate,119
中山_C0AH70_combined_windows,3.35833500739655,1,lgbm_separate_中山_C0AH70_combined_windows,separate,120
金門_C0W150_combined_windows,3.3961265553294,1,lgbm_separate_金門_C0W150_combined_windows,separate,121
中壢_A2C560_combined_windows,3.39847002768321,1,lgbm_separate_中壢_A2C560_combined_windows,separate,122
大寮_C0V450_combined_windows,3.46910722117894,1,lgbm_separate_大寮_C0V450_combined_windows,separate,123
林園_C0R640_combined_windows,3.55063591893218,1,lgbm_separate_林園_C0R640_combined_windows,separate,124
臺西_C0K530_combined_windows,3.68315547681682,1,lgbm_separate_臺西_C0K530_combined_windows,separate,125
三重_C0AI30_combined_windows,3.73235891716431,1,lgbm_separate_三重_C0AI30_combined_windows,separate,126
崙背_C0K250_combined_windows,3.75108322314008,1,lgbm_separate_崙背_C0K250_combined_windows,separate,127
