station,lstm_best_rmse,lstm_model_count,lstm_best_model,lstm_dataset_type,lstm_rank,lgbm_best_rmse,lgbm_model_count,lgbm_best_model,lgbm_dataset_type,lgbm_rank,combined_score,overall_rank
norm_Nomorlization_竹山_U2HA50_combined_windows,0.0610554317984543,1,lstm_separate_norm_Nomorlization_竹山_U2HA50_combined_windows,separate,1,0.0538329644126883,1,lgbm_separate_norm_Nomorlization_竹山_U2HA50_combined_windows,separate,1,17.4772689129915,1
norm_Nomorlization_斗六_C0K400_combined_windows,0.0614369287866485,1,lstm_separate_norm_Nomorlization_斗六_C0K400_combined_windows,separate,2,0.0604057600082945,1,lgbm_separate_norm_Nomorlization_斗六_C0K400_combined_windows,separate,2,16.4157839809603,2
norm_Nomorlization_埔里_C0H890_combined_windows,0.0653359858523571,1,lstm_separate_norm_Nomorlization_埔里_C0H890_combined_windows,separate,3,0.0612761207426026,1,lgbm_separate_norm_Nomorlization_埔里_C0H890_combined_windows,separate,4,15.8125359994973,3
norm_Nomorlization_南投_C0I460_combined_windows,0.0657595085093905,1,lstm_separate_norm_Nomorlization_南投_C0I460_combined_windows,separate,4,0.0635517858979483,1,lgbm_separate_norm_Nomorlization_南投_C0I460_combined_windows,separate,5,15.4710626708068,4
norm_Nomorlization_安南_467420_combined_windows,0.0740030082421259,1,lstm_separate_norm_Nomorlization_安南_467420_combined_windows,separate,8,0.0605882279776209,1,lgbm_separate_norm_Nomorlization_安南_467420_combined_windows,separate,3,15.0089102737934,5
norm_Nomorlization_仁武_C0V680_combined_windows,0.0722606713108728,1,lstm_separate_norm_Nomorlization_仁武_C0V680_combined_windows,separate,5,0.0665013097294164,1,lgbm_separate_norm_Nomorlization_仁武_C0V680_combined_windows,separate,8,14.4380421432297,6
norm_Nomorlization_屏東_C0R570_combined_windows,0.0745208126669899,1,lstm_separate_norm_Nomorlization_屏東_C0R570_combined_windows,separate,9,0.0657858126423832,1,lgbm_separate_norm_Nomorlization_屏東_C0R570_combined_windows,separate,6,14.3099579361164,7
norm_Nomorlization_美濃_72V140_combined_windows,0.0730767559966676,1,lstm_separate_norm_Nomorlization_美濃_72V140_combined_windows,separate,6,0.0686202615795832,1,lgbm_separate_norm_Nomorlization_美濃_72V140_combined_windows,separate,9,14.1285985226651,8
norm_Nomorlization_左營_C0V810_combined_windows,0.0778347512591668,1,lstm_separate_norm_Nomorlization_左營_C0V810_combined_windows,separate,11,0.0662278931905884,1,lgbm_separate_norm_Nomorlization_左營_C0V810_combined_windows,separate,7,13.9735548924579,9
norm_Nomorlization_朴子_C0M650_combined_windows,0.0733580436772194,1,lstm_separate_norm_Nomorlization_朴子_C0M650_combined_windows,separate,7,0.0707403777494603,1,lgbm_separate_norm_Nomorlization_朴子_C0M650_combined_windows,separate,11,13.8839842384334,10
norm_Nomorlization_前金_C0V690_combined_windows,0.0797376058950721,1,lstm_separate_norm_Nomorlization_前金_C0V690_combined_windows,separate,12,0.0710328446385114,1,lgbm_separate_norm_Nomorlization_前金_C0V690_combined_windows,separate,12,13.3095642748526,11
norm_Nomorlization_前鎮_C0V490_combined_windows,0.0829036761364399,1,lstm_separate_norm_Nomorlization_前鎮_C0V490_combined_windows,separate,13,0.070306583417746,1,lgbm_separate_norm_Nomorlization_前鎮_C0V490_combined_windows,separate,10,13.1428051835432,12
norm_Nomorlization_大里_C0F9N0_combined_windows,0.0767273278942839,1,lstm_separate_norm_Nomorlization_大里_C0F9N0_combined_windows,separate,10,0.0780748813819964,1,lgbm_separate_norm_Nomorlization_大里_C0F9N0_combined_windows,separate,15,12.9206913450637,13
norm_Nomorlization_林園_C0R640_combined_windows,0.087564677685721,1,lstm_separate_norm_Nomorlization_林園_C0R640_combined_windows,separate,16,0.077702792712726,1,lgbm_separate_norm_Nomorlization_林園_C0R640_combined_windows,separate,14,12.1448401399909,14
norm_Nomorlization_大寮_C0V450_combined_windows,0.0846222368924018,1,lstm_separate_norm_Nomorlization_大寮_C0V450_combined_windows,separate,14,0.0818514530267177,1,lgbm_separate_norm_Nomorlization_大寮_C0V450_combined_windows,separate,17,12.0172394705575,15
norm_Nomorlization_二林_C0G730_combined_windows,0.0888142339174454,1,lstm_separate_norm_Nomorlization_二林_C0G730_combined_windows,separate,17,0.0813322530473306,1,lgbm_separate_norm_Nomorlization_二林_C0G730_combined_windows,separate,16,11.777350868594,16
norm_Nomorlization_西屯_C0F9T0_combined_windows,0.0858148310440648,1,lstm_separate_norm_Nomorlization_西屯_C0F9T0_combined_windows,separate,15,0.0864745841309288,1,lgbm_separate_norm_Nomorlization_西屯_C0F9T0_combined_windows,separate,18,11.6085444131349,17
norm_chunk_02,0.103118688079952,1,lstm_combine_norm_chunk_02,combine,26,0.0758511911005384,1,lgbm_combine_norm_chunk_02,combine,13,11.4406359225746,18
norm_Nomorlization_小港_C0V450_combined_windows,0.095106011480625,1,lstm_separate_norm_Nomorlization_小港_C0V450_combined_windows,separate,20,0.0875937525320981,1,lgbm_separate_norm_Nomorlization_小港_C0V450_combined_windows,separate,20,10.9654608822309,19
norm_Nomorlization_三義_C0F9Q0_combined_windows,0.0939919799905449,1,lstm_separate_norm_Nomorlization_三義_C0F9Q0_combined_windows,separate,19,0.0913700241964181,1,lgbm_separate_norm_Nomorlization_三義_C0F9Q0_combined_windows,separate,22,10.7918570153223,20
norm_Nomorlization_沙鹿_C0F9X0_combined_windows,0.102130005603609,1,lstm_separate_norm_Nomorlization_沙鹿_C0F9X0_combined_windows,separate,23,0.0867858120481737,1,lgbm_separate_norm_Nomorlization_沙鹿_C0F9X0_combined_windows,separate,19,10.6570312535296,21
norm_Nomorlization_苗栗_C0E750_combined_windows,0.0986028545805054,1,lstm_separate_norm_Nomorlization_苗栗_C0E750_combined_windows,separate,22,0.0905544247336053,1,lgbm_separate_norm_Nomorlization_苗栗_C0E750_combined_windows,separate,21,10.5923884515622,22
norm_Nomorlization_忠明_C0F9U0_combined_windows,0.0985905381224081,1,lstm_separate_norm_Nomorlization_忠明_C0F9U0_combined_windows,separate,21,0.10346101964854,1,lgbm_separate_norm_Nomorlization_忠明_C0F9U0_combined_windows,separate,25,9.9042185741322,23
norm_Nomorlization_馬祖_467990_combined_windows,0.102310186332255,1,lstm_separate_norm_Nomorlization_馬祖_467990_combined_windows,separate,24,0.10039169107432,1,lgbm_separate_norm_Nomorlization_馬祖_467990_combined_windows,separate,23,9.8675907668966,24
norm_chunk_03,0.112483404045884,1,lstm_combine_norm_chunk_03,combine,28,0.100631607622832,1,lgbm_combine_norm_chunk_03,combine,24,9.41371801484039,25
norm_Nomorlization_馬公_467350_combined_windows,0.110510627127024,1,lstm_separate_norm_Nomorlization_馬公_467350_combined_windows,separate,27,0.104716977824518,1,lgbm_separate_norm_Nomorlization_馬公_467350_combined_windows,separate,26,9.29922667288856,26
norm_Nomorlization_竹東_C0D560_combined_windows,0.102510673943719,1,lstm_separate_norm_Nomorlization_竹東_C0D560_combined_windows,separate,25,0.114270437471772,1,lgbm_separate_norm_Nomorlization_竹東_C0D560_combined_windows,separate,29,9.25312574643431,27
norm_Nomorlization_金門_C0W150_combined_windows,0.11677974630123,1,lstm_separate_norm_Nomorlization_金門_C0W150_combined_windows,separate,29,0.105622499339606,1,lgbm_separate_norm_Nomorlization_金門_C0W150_combined_windows,separate,27,9.01540424608033,28
norm_chunk_01,0.120343830337712,1,lstm_combine_norm_chunk_01,combine,30,0.108503225673123,1,lgbm_combine_norm_chunk_01,combine,28,8.76292015421011,29
norm_Nomorlization_花蓮_466990_combined_windows,0.136958631539987,1,lstm_separate_norm_Nomorlization_花蓮_466990_combined_windows,separate,33,0.118084041844232,1,lgbm_separate_norm_Nomorlization_花蓮_466990_combined_windows,separate,30,7.88500981782085,30
norm_Nomorlization_平鎮_A2C560_combined_windows,0.132589327405917,1,lstm_separate_norm_Nomorlization_平鎮_A2C560_combined_windows,separate,31,0.132700393528274,1,lgbm_separate_norm_Nomorlization_平鎮_A2C560_combined_windows,separate,32,7.53892892460813,31
norm_Nomorlization_恆春_B2Q810_combined_windows,0.136904301146532,1,lstm_separate_norm_Nomorlization_恆春_B2Q810_combined_windows,separate,32,0.129894762339499,1,lgbm_separate_norm_Nomorlization_恆春_B2Q810_combined_windows,separate,31,7.50145611353825,32
norm_Nomorlization_冬山_C0U910_combined_windows,0.138740932807784,1,lstm_separate_norm_Nomorlization_冬山_C0U910_combined_windows,separate,34,0.138203906248953,1,lgbm_separate_norm_Nomorlization_冬山_C0U910_combined_windows,separate,33,7.22168185959651,33
norm_Nomorlization_桃園_C0C480_combined_windows,0.141852555898663,1,lstm_separate_norm_Nomorlization_桃園_C0C480_combined_windows,separate,35,0.144611737385284,1,lgbm_separate_norm_Nomorlization_桃園_C0C480_combined_windows,separate,35,6.98232069137109,34
norm_Nomorlization_宜蘭_467080_combined_windows,0.14741090619425,1,lstm_separate_norm_Nomorlization_宜蘭_467080_combined_windows,separate,36,0.139878017334411,1,lgbm_separate_norm_Nomorlization_宜蘭_467080_combined_windows,separate,34,6.96642237889773,35
norm_Nomorlization_大園_C0C590_combined_windows,0.151040960077102,1,lstm_separate_norm_Nomorlization_大園_C0C590_combined_windows,separate,37,0.15090063542429,1,lgbm_separate_norm_Nomorlization_大園_C0C590_combined_windows,separate,36,6.62379897889674,36
norm_Nomorlization_土城_C0AD40_combined_windows,0.156763845198963,1,lstm_separate_norm_Nomorlization_土城_C0AD40_combined_windows,separate,38,0.1542075033674,1,lgbm_separate_norm_Nomorlization_土城_C0AD40_combined_windows,separate,37,6.43189532345053,37
norm_Nomorlization_松山_C0AC70_combined_windows,0.165281453830215,1,lstm_separate_norm_Nomorlization_松山_C0AC70_combined_windows,separate,39,0.157745068662443,1,lgbm_separate_norm_Nomorlization_松山_C0AC70_combined_windows,separate,38,6.19481399297539,38
norm_Nomorlization_汐止_C0AH00_combined_windows,0.17228638457013,1,lstm_separate_norm_Nomorlization_汐止_C0AH00_combined_windows,separate,42,0.162888088365832,1,lgbm_separate_norm_Nomorlization_汐止_C0AH00_combined_windows,separate,39,5.97173676242926,39
norm_Nomorlization_古亭_C0AH10_combined_windows,0.167391454832282,1,lstm_separate_norm_Nomorlization_古亭_C0AH10_combined_windows,separate,40,0.16849498680372,1,lgbm_separate_norm_Nomorlization_古亭_C0AH10_combined_windows,separate,41,5.95445763935801,40
norm_Nomorlization_大同_C0AI30_combined_windows,0.170718415640021,1,lstm_separate_norm_Nomorlization_大同_C0AI30_combined_windows,separate,41,0.168347634291288,1,lgbm_separate_norm_Nomorlization_大同_C0AI30_combined_windows,separate,40,5.89884414530548,41
norm_Nomorlization_中壢_A2C560_combined_windows,0.188588415321944,1,lstm_separate_norm_Nomorlization_中壢_A2C560_combined_windows,separate,46,0.170955099635463,1,lgbm_separate_norm_Nomorlization_中壢_A2C560_combined_windows,separate,42,5.5760208948926,42
norm_Nomorlization_中山_C0AH70_combined_windows,0.183327034370828,1,lstm_separate_norm_Nomorlization_中山_C0AH70_combined_windows,separate,43,0.179710705278238,1,lgbm_separate_norm_Nomorlization_中山_C0AH70_combined_windows,separate,44,5.50961582330528,43
norm_Nomorlization_永和_C0AH10_combined_windows,0.1879071859166,1,lstm_separate_norm_Nomorlization_永和_C0AH10_combined_windows,separate,45,0.179043294657565,1,lgbm_separate_norm_Nomorlization_永和_C0AH10_combined_windows,separate,43,5.45350876644952,44
norm_Nomorlization_崙背_C0K250_combined_windows,0.0917020563220379,1,lstm_separate_norm_Nomorlization_崙背_C0K250_combined_windows,separate,18,,,,,,5.45244043649477,45
norm_Nomorlization_板橋_C0ACA0_combined_windows,0.183930827426164,1,lstm_separate_norm_Nomorlization_板橋_C0ACA0_combined_windows,separate,44,0.185282511134133,1,lgbm_separate_norm_Nomorlization_板橋_C0ACA0_combined_windows,separate,45,5.4169949919721,46
norm_Nomorlization_林口_C0AH50_combined_windows,0.196395562530683,1,lstm_separate_norm_Nomorlization_林口_C0AH50_combined_windows,separate,48,0.189898544298293,1,lgbm_separate_norm_Nomorlization_林口_C0AH50_combined_windows,separate,46,5.17886727075779,47
norm_Nomorlization_士林_C0AI40_combined_windows,0.193887621478179,1,lstm_separate_norm_Nomorlization_士林_C0AI40_combined_windows,separate,47,0.196979901100295,1,lgbm_separate_norm_Nomorlization_士林_C0AI40_combined_windows,separate,47,5.11714345754929,48
norm_Nomorlization_基隆_466940_combined_windows,0.208968803027084,1,lstm_separate_norm_Nomorlization_基隆_466940_combined_windows,separate,49,0.203680637554239,1,lgbm_separate_norm_Nomorlization_基隆_466940_combined_windows,separate,48,4.84752507454078,49
norm_Nomorlization_三重_C0AI30_combined_windows,0.210367962503053,1,lstm_separate_norm_Nomorlization_三重_C0AI30_combined_windows,separate,50,0.204760210755163,1,lgbm_separate_norm_Nomorlization_三重_C0AI30_combined_windows,separate,49,4.81866843466442,50
冬山_C0U910_combined_windows,1.90231428777993,1,lstm_separate_冬山_C0U910_combined_windows,separate,51,2.09157209246306,1,lgbm_separate_冬山_C0U910_combined_windows,separate,54,0.501892379717618,51
花蓮_466990_combined_windows,1.97354331314769,1,lstm_separate_花蓮_466990_combined_windows,separate,52,2.06138072052742,1,lgbm_separate_花蓮_466990_combined_windows,separate,52,0.495907292463101,52
馬公_467350_combined_windows,2.07048025394016,1,lstm_separate_馬公_467350_combined_windows,separate,54,2.05201687701483,1,lgbm_separate_馬公_467350_combined_windows,separate,50,0.485152579748979,53
陽明_466910_combined_windows,2.07494118462193,1,lstm_separate_陽明_466910_combined_windows,separate,55,2.06988562623405,1,lgbm_separate_陽明_466910_combined_windows,separate,53,0.48252992627712,54
宜蘭_467080_combined_windows,2.01605147914434,1,lstm_separate_宜蘭_467080_combined_windows,separate,53,2.1884650444398,1,lgbm_separate_宜蘭_467080_combined_windows,separate,58,0.47648017576133,55
埔里_C0H890_combined_windows,2.18125279249451,1,lstm_separate_埔里_C0H890_combined_windows,separate,59,2.05254472000147,1,lgbm_separate_埔里_C0H890_combined_windows,separate,51,0.472826119314559,56
三義_C0F9Q0_combined_windows,2.10148332949401,1,lstm_separate_三義_C0F9Q0_combined_windows,separate,56,2.16788997082858,1,lgbm_separate_三義_C0F9Q0_combined_windows,separate,56,0.468566190396559,57
竹東_C0D560_combined_windows,2.11392001761499,1,lstm_separate_竹東_C0D560_combined_windows,separate,57,2.15681755532568,1,lgbm_separate_竹東_C0D560_combined_windows,separate,55,0.46835043624979,58
富貴角_C0AI20_combined_windows,2.16148021160301,1,lstm_separate_富貴角_C0AI20_combined_windows,separate,58,2.22847924134519,1,lgbm_separate_富貴角_C0AI20_combined_windows,separate,59,0.455691215345443,59
頭份_C0E420_combined_windows,2.28715688130512,1,lstm_separate_頭份_C0E420_combined_windows,separate,61,2.23992834753367,1,lgbm_separate_頭份_C0E420_combined_windows,separate,60,0.441833452230159,60
豐原_C0F9M0_combined_windows,2.36476211126145,1,lstm_separate_豐原_C0F9M0_combined_windows,separate,63,2.17975261459903,1,lgbm_separate_豐原_C0F9M0_combined_windows,separate,57,0.440821586956175,61
南投_C0I460_combined_windows,2.30959300071157,1,lstm_separate_南投_C0I460_combined_windows,separate,62,2.27748457596628,1,lgbm_separate_南投_C0I460_combined_windows,separate,62,0.436028814542978,62
湖口_C0D650_combined_windows,2.41708756427842,1,lstm_separate_湖口_C0D650_combined_windows,separate,64,2.36192454757447,1,lgbm_separate_湖口_C0D650_combined_windows,separate,63,0.418552299004092,63
彰化_C0G910_combined_windows,2.59124813251156,1,lstm_separate_彰化_C0G910_combined_windows,separate,69,2.26435225480177,1,lgbm_separate_彰化_C0G910_combined_windows,separate,61,0.413770906341888,64
竹山_U2HA50_combined_windows,2.51997895263291,1,lstm_separate_竹山_U2HA50_combined_windows,separate,67,2.38323235086839,1,lgbm_separate_竹山_U2HA50_combined_windows,separate,65,0.408213454628785,65
大里_C0F9N0_combined_windows,2.47788892941412,1,lstm_separate_大里_C0F9N0_combined_windows,separate,65,2.46886815996715,1,lgbm_separate_大里_C0F9N0_combined_windows,separate,67,0.404306622443129,66
西屯_C0F9T0_combined_windows,2.65628265577085,1,lstm_separate_西屯_C0F9T0_combined_windows,separate,73,2.36895383415484,1,lgbm_separate_西屯_C0F9T0_combined_windows,separate,64,0.399296611876252,67
忠明_C0F9U0_combined_windows,2.52867842260555,1,lstm_separate_忠明_C0F9U0_combined_windows,separate,68,2.48837698915593,1,lgbm_separate_忠明_C0F9U0_combined_windows,separate,68,0.398665930248544,68
沙鹿_C0F9X0_combined_windows,2.62025790309693,1,lstm_separate_沙鹿_C0F9X0_combined_windows,separate,71,2.5100791436561,1,lgbm_separate_沙鹿_C0F9X0_combined_windows,separate,69,0.390017817258908,69
新竹_C0D660_combined_windows,2.49516075638609,1,lstm_separate_新竹_C0D660_combined_windows,separate,66,2.64625903370206,1,lgbm_separate_新竹_C0D660_combined_windows,separate,74,0.389333867887498,70
臺東_C0SA10_combined_windows,2.26934509852963,1,lstm_separate_臺東_C0SA10_combined_windows,separate,60,2.96786259579833,1,lgbm_separate_臺東_C0SA10_combined_windows,separate,98,0.388799293682955,71
新莊_C0ACA0_combined_windows,2.61609413216786,1,lstm_separate_新莊_C0ACA0_combined_windows,separate,70,2.60834447738534,1,lgbm_separate_新莊_C0ACA0_combined_windows,separate,71,0.382817092919528,72
斗六_C0K400_combined_windows,2.66020349610092,1,lstm_separate_斗六_C0K400_combined_windows,separate,74,2.6247120347225,1,lgbm_separate_斗六_C0K400_combined_windows,separate,73,0.378452633990018,73
線西_C0G890_combined_windows,2.75897510192022,1,lstm_separate_線西_C0G890_combined_windows,separate,84,2.54501353358081,1,lgbm_separate_線西_C0G890_combined_windows,separate,70,0.377689326490021,74
安南_467420_combined_windows,2.69030473994124,1,lstm_separate_安南_467420_combined_windows,separate,77,2.61682787499964,1,lgbm_separate_安南_467420_combined_windows,separate,72,0.376923582404448,75
苗栗_C0E750_combined_windows,2.64814595843153,1,lstm_separate_苗栗_C0E750_combined_windows,separate,72,2.66296784366254,1,lgbm_separate_苗栗_C0E750_combined_windows,separate,77,0.376571779667364,76
美濃_72V140_combined_windows,2.66268966128088,1,lstm_separate_美濃_72V140_combined_windows,separate,75,2.66228219775374,1,lgbm_separate_美濃_72V140_combined_windows,separate,76,0.375588841529205,77
龍潭_C0C670_combined_windows,2.70579418225461,1,lstm_separate_龍潭_C0C670_combined_windows,separate,79,2.67486059935444,1,lgbm_separate_龍潭_C0C670_combined_windows,separate,78,0.371714258991612,78
嘉義_C0M730_combined_windows,2.70664023268688,1,lstm_separate_嘉義_C0M730_combined_windows,separate,80,2.67882121174819,1,lgbm_separate_嘉義_C0M730_combined_windows,separate,79,0.371380129344726,79
新營_C0X250_combined_windows,2.73498484025919,1,lstm_separate_新營_C0X250_combined_windows,separate,82,2.65759507268957,1,lgbm_separate_新營_C0X250_combined_windows,separate,75,0.370956393531483,80
臺南_467410_combined_windows,2.71688489321563,1,lstm_separate_臺南_467410_combined_windows,separate,81,2.68766706389208,1,lgbm_separate_臺南_467410_combined_windows,separate,81,0.370069243582121,81
土城_C0AD40_combined_windows,2.67243193952663,1,lstm_separate_土城_C0AD40_combined_windows,separate,76,2.77581853580424,1,lgbm_separate_土城_C0AD40_combined_windows,separate,85,0.367222552254354,82
桃園_C0C480_combined_windows,2.76906985116935,1,lstm_separate_桃園_C0C480_combined_windows,separate,86,2.73186988068386,1,lgbm_separate_桃園_C0C480_combined_windows,separate,83,0.363590870620283,83
善化_C0O900_combined_windows,2.83064560443719,1,lstm_separate_善化_C0O900_combined_windows,separate,88,2.68547428215721,1,lgbm_separate_善化_C0O900_combined_windows,separate,80,0.362824999971359,84
新店_C0AC80_combined_windows,2.70274244077896,1,lstm_separate_新店_C0AC80_combined_windows,separate,78,2.82902422648013,1,lgbm_separate_新店_C0AC80_combined_windows,separate,88,0.361736664283561,85
平鎮_A2C560_combined_windows,2.84965696394818,1,lstm_separate_平鎮_A2C560_combined_windows,separate,89,2.72748657440327,1,lgbm_separate_平鎮_A2C560_combined_windows,separate,82,0.358778674622506,86
林口_C0AH50_combined_windows,2.8008119018315,1,lstm_separate_林口_C0AH50_combined_windows,separate,87,2.79577091420023,1,lgbm_separate_林口_C0AH50_combined_windows,separate,86,0.357361212789854,87
基隆_466940_combined_windows,2.73513134465263,1,lstm_separate_基隆_466940_combined_windows,separate,83,2.89752290883481,1,lgbm_separate_基隆_466940_combined_windows,separate,94,0.355367767038443,88
萬里_C0A940_combined_windows,2.89846442658754,1,lstm_separate_萬里_C0A940_combined_windows,separate,92,2.77058365514186,1,lgbm_separate_萬里_C0A940_combined_windows,separate,84,0.352972525597428,89
松山_C0AC70_combined_windows,2.85085221830239,1,lstm_separate_松山_C0AC70_combined_windows,separate,90,2.85293676052025,1,lgbm_separate_松山_C0AC70_combined_windows,separate,90,0.35064415506199,90
朴子_C0M650_combined_windows,2.91680619388489,1,lstm_separate_朴子_C0M650_combined_windows,separate,94,2.80388203932935,1,lgbm_separate_朴子_C0M650_combined_windows,separate,87,0.349744563348877,91
屏東_C0R570_combined_windows,2.85924261260418,1,lstm_separate_屏東_C0R570_combined_windows,separate,91,2.89236996694208,1,lgbm_separate_屏東_C0R570_combined_windows,separate,92,0.347740102795886,92
大園_C0C590_combined_windows,2.97695876119053,1,lstm_separate_大園_C0C590_combined_windows,separate,97,2.86548470235699,1,lgbm_separate_大園_C0C590_combined_windows,separate,91,0.342447192436609,93
古亭_C0AH10_combined_windows,2.90420663350023,1,lstm_separate_古亭_C0AH10_combined_windows,separate,93,2.94036150969664,1,lgbm_separate_古亭_C0AH10_combined_windows,separate,96,0.342211176038373,94
楠梓_C0V770_combined_windows,2.95314279814551,1,lstm_separate_楠梓_C0V770_combined_windows,separate,95,2.97345396792614,1,lgbm_separate_楠梓_C0V770_combined_windows,separate,100,0.337465761472938,95
恆春_B2Q810_combined_windows,2.76124761327237,1,lstm_separate_恆春_B2Q810_combined_windows,separate,85,3.22057466434955,1,lgbm_separate_恆春_B2Q810_combined_windows,separate,116,0.336329362864093,96
汐止_C0AH00_combined_windows,2.99203529486592,1,lstm_separate_汐止_C0AH00_combined_windows,separate,98,2.96216424863478,1,lgbm_separate_汐止_C0AH00_combined_windows,separate,97,0.335905829705538,97
士林_C0AI40_combined_windows,2.9691382083359,1,lstm_separate_士林_C0AI40_combined_windows,separate,96,2.99280073187656,1,lgbm_separate_士林_C0AI40_combined_windows,separate,102,0.335466620067332,98
麥寮_A2K360_combined_windows,3.09139387957686,1,lstm_separate_麥寮_A2K360_combined_windows,separate,103,2.90931783431151,1,lgbm_separate_麥寮_A2K360_combined_windows,separate,95,0.333600931978637,99
觀音_467050_combined_windows,3.06298889084596,1,lstm_separate_觀音_467050_combined_windows,separate,100,2.97014902773665,1,lgbm_separate_觀音_467050_combined_windows,separate,99,0.331580968315352,100
仁武_C0V680_combined_windows,3.0348542993865,1,lstm_separate_仁武_C0V680_combined_windows,separate,99,3.00462323005579,1,lgbm_separate_仁武_C0V680_combined_windows,separate,103,0.331162770803606,101
菜寮_C0AD30_combined_windows,3.07691880993472,1,lstm_separate_菜寮_C0AD30_combined_windows,separate,101,2.98822351511682,1,lgbm_separate_菜寮_C0AD30_combined_windows,separate,101,0.32982371955065,102
永和_C0AH10_combined_windows,3.12220036449412,1,lstm_separate_永和_C0AH10_combined_windows,separate,106,3.02810155094543,1,lgbm_separate_永和_C0AH10_combined_windows,separate,104,0.325263427569043,103
左營_C0V810_combined_windows,3.14608709693124,1,lstm_separate_左營_C0V810_combined_windows,separate,108,3.05022622841595,1,lgbm_separate_左營_C0V810_combined_windows,separate,105,0.322849844789788,104
前金_C0V690_combined_windows,3.0966134429559,1,lstm_separate_前金_C0V690_combined_windows,separate,104,3.13952684424281,1,lgbm_separate_前金_C0V690_combined_windows,separate,108,0.320726381995481,105
馬祖_467990_combined_windows,3.08322983271826,1,lstm_separate_馬祖_467990_combined_windows,separate,102,3.20362862190856,1,lgbm_separate_馬祖_467990_combined_windows,separate,114,0.318240627645786,106
前鎮_C0V490_combined_windows,3.14881714648984,1,lstm_separate_前鎮_C0V490_combined_windows,separate,109,3.14361979029353,1,lgbm_separate_前鎮_C0V490_combined_windows,separate,110,0.317842099101278,107
二林_C0G730_combined_windows,3.24124240564321,1,lstm_separate_二林_C0G730_combined_windows,separate,112,3.06570571131368,1,lgbm_separate_二林_C0G730_combined_windows,separate,106,0.317356419403214,108
橋頭_C0V760_combined_windows,3.14319422586218,1,lstm_separate_橋頭_C0V760_combined_windows,separate,107,3.16492720615366,1,lgbm_separate_橋頭_C0V760_combined_windows,separate,111,0.317055364448456,109
板橋_C0ACA0_combined_windows,3.12137609369402,1,lstm_separate_板橋_C0ACA0_combined_windows,separate,105,3.20270597743257,1,lgbm_separate_板橋_C0ACA0_combined_windows,separate,113,0.316303743249697,110
復興_C0V710_combined_windows,3.23054617234228,1,lstm_separate_復興_C0V710_combined_windows,separate,111,3.16871567236373,1,lgbm_separate_復興_C0V710_combined_windows,separate,112,0.312565226972292,111
大同_C0AI30_combined_windows,3.28219797849254,1,lstm_separate_大同_C0AI30_combined_windows,separate,113,3.14180882805365,1,lgbm_separate_大同_C0AI30_combined_windows,separate,109,0.311480933380102,112
萬華_466920_combined_windows,3.22177727618326,1,lstm_separate_萬華_466920_combined_windows,separate,110,3.25023711384988,1,lgbm_separate_萬華_466920_combined_windows,separate,118,0.309028774339897,113
新港_C0M790_combined_windows,3.35755097608157,1,lstm_separate_新港_C0M790_combined_windows,separate,115,3.20480690233973,1,lgbm_separate_新港_C0M790_combined_windows,separate,115,0.304933706656191,114
潮州_C0R220_combined_windows,3.36192808993343,1,lstm_separate_潮州_C0R220_combined_windows,separate,116,3.22058299863051,1,lgbm_separate_潮州_C0R220_combined_windows,separate,117,0.303975574468266,115
淡水_466900_combined_windows,3.49068196819175,1,lstm_separate_淡水_466900_combined_windows,separate,121,3.11465584279673,1,lgbm_separate_淡水_466900_combined_windows,separate,107,0.30376986571888,116
小港_C0V450_combined_windows,3.32895340687128,1,lstm_separate_小港_C0V450_combined_windows,separate,114,3.3165736599446,1,lgbm_separate_小港_C0V450_combined_windows,separate,119,0.300955352446532,117
中山_C0AH70_combined_windows,3.41804671919081,1,lstm_separate_中山_C0AH70_combined_windows,separate,117,3.35833500739655,1,lgbm_separate_中山_C0AH70_combined_windows,separate,120,0.295165677831271,118
金門_C0W150_combined_windows,3.42628115625173,1,lstm_separate_金門_C0W150_combined_windows,separate,118,3.3961265553294,1,lgbm_separate_金門_C0W150_combined_windows,separate,121,0.293157365694368,119
中壢_A2C560_combined_windows,3.47137152316497,1,lstm_separate_中壢_A2C560_combined_windows,separate,120,3.39847002768321,1,lgbm_separate_中壢_A2C560_combined_windows,separate,122,0.291160317431484,120
大寮_C0V450_combined_windows,3.45568780908102,1,lstm_separate_大寮_C0V450_combined_windows,separate,119,3.46910722117894,1,lgbm_separate_大寮_C0V450_combined_windows,separate,123,0.288818297442092,121
林園_C0R640_combined_windows,3.62634727363092,1,lstm_separate_林園_C0R640_combined_windows,separate,122,3.55063591893218,1,lgbm_separate_林園_C0R640_combined_windows,separate,124,0.278699634915741,122
臺西_C0K530_combined_windows,3.71224826619462,1,lstm_separate_臺西_C0K530_combined_windows,separate,123,3.68315547681682,1,lgbm_separate_臺西_C0K530_combined_windows,separate,125,0.270442428992461,123
三重_C0AI30_combined_windows,3.75924548436751,1,lstm_separate_三重_C0AI30_combined_windows,separate,124,3.73235891716431,1,lgbm_separate_三重_C0AI30_combined_windows,separate,126,0.266968949966171,124
崙背_C0K250_combined_windows,3.87484486868121,1,lstm_separate_崙背_C0K250_combined_windows,separate,125,3.75108322314008,1,lgbm_separate_崙背_C0K250_combined_windows,separate,127,0.26233225378928,125
chunk_02,16.3612178318754,1,lstm_combine_chunk_02,combine,127,2.45070465534215,1,lgbm_combine_chunk_02,combine,66,0.234583025017425,126
chunk_01,10.6841869915312,1,lstm_combine_chunk_01,combine,126,2.84328144030001,1,lgbm_combine_chunk_01,combine,89,0.222651283481269,127
chunk_03,16.4425769022047,1,lstm_combine_chunk_03,combine,128,2.89578088794105,1,lgbm_combine_chunk_03,combine,93,0.20307385641796,128
